chunk_id,source_file,doc_group,doc_type,chunk_type,section,question,page_start,page_end,char_count,content_preview
eb0316a50e3942ff8eefd7aac0e6a45f,..\data\中央机关及其直属机构2026年度考试录用公务员专题.pdf,exam_outline,other_policy,policy_section,,,1,1,1037,2026年05月27日  星期三  下午好！ 国家公务员局中央机关及其直属机构2026年度考试录用公务员专题首页 > 招考公告 > 招考公告中央机关及其直属机构2026年度考试录用公务员公共科目笔试考试大纲发布日期：2025-10-14公务员是干部队伍的重要组成部分，是社会主义事业的中坚力量，是人民的公仆。公务员录用是各级机关选拔一级主任科员以下及其他相当职级层次公务员的主要方式。公务员录用坚持以习近平新时代中国特色社会主义思想为指导，以建设高素质专业化队伍为目标，坚持...
bbbedfc3bf7141b1885c83050f1d0d75,..\data\中央机关及其直属机构2026年度考试录用公务员专题.pdf,exam_outline,other_policy,policy_section,,,2,2,1098,②共同富裕是社会主义的本质要求，是中国式现代化的重要特征③在物质文明方面超越西方发达国家，是中国式现代化的主要目标④遵循世界各国现代化的共同模式，是中国式现代化道路的基本经验⑤中国式现代化新道路，创造了人类文明新形态A．2项                                          B．3项C．4项                                          D．5项（答案：B。①出自《高举中国特色社会主义伟大旗帜 为全面建...
82ec156e9a5247a8adbd929dee1f1dc1,..\data\中央机关及其直属机构2026年度考试录用公务员专题.pdf,exam_outline,other_policy,policy_section,,,3,3,1152,③因地制宜大力发展特色产业，推进农村一二三产业融合发展④持续深化农村人居环境整治，加强传统村落和乡村特色风貌保护，加强农村精神文明建设A．①②③                                          B．①②④C．①③④                                          D．②③④（答案：D。要积极推进以县城为重要载体的新型城镇化建设，提升县城市政公用设施建设水平和基础公共服务、产业配套功能，增强综合承载能力和...
585d23d01ad44b24adcaba524b5e03bb,..\data\中央机关及其直属机构2026年度考试录用公务员专题.pdf,exam_outline,other_policy,policy_section,,,4,4,1241,能转化成内能，C选项表述错误。雪到水的转化过程会吸收热量，D选项表述错误。因此，正确答案为A。）例题3：关于常见气体的工业制备方法，下列说法错误的是： A．木炭和二氧化碳可以作为制备一氧化碳的原料B．电解水时制备得到的氢气体积比氧气体积更大C．通过低温液化的方法可以分离出沼气中的甲烷D．高温煅烧石灰石制备二氧化碳属于复分解反应（答案：D。碳（木炭）和二氧化碳在高温下发生反应生成一氧化碳，故A正确。在充满电解液的电解槽中通入直流电，水分子在电极上发生电化学反应生成氧气和氢...
6792e06ece1345bbb7e027c2656ae7ac,..\data\中央机关及其直属机构2026年度考试录用公务员专题.pdf,exam_outline,other_policy,policy_section,,,5,5,1091,依次填入画横线部分最恰当的一项是： A．蔓延   守护   犹豫B．扩散   占据   退缩C．泛滥   掌握   含糊D．滋生   控制   迟疑（答案：C。这段文字主要说明主流媒体在宣传时应发挥的作用。根据语意，第一空所填动词的主语是“消极、错误的言论观点”，“蔓延”“扩散”“泛滥”合适；“滋生”意为引起，不合适。第二空所填动词的宾语是“舆论场主动权和主导权”，填入“占据”“掌握”“控制”合适，表达主动性强；“守护”强调已有主动权，保护其不被夺走，不符语意，不合适。...
b1987063c407474c927427ef9ce88c6d,..\data\中央机关及其直属机构2026年度考试录用公务员专题.pdf,exam_outline,other_policy,policy_section,,,6,6,1188,（答案：A。首句指出环境保护主义“是一种重建人与自然关系的强烈愿望”，次句说明“要实现这一愿望，就必须树立一种自然共同体的意识”，第三句说明“只有树立了这样的一种道德意识”的重要意义，最后归结到“这不仅依赖……，也依赖……”，即实现这种意识的条件。因此，可知“这”指的是“自然共同体意识的树立”，正确答案为A。）例题5：早在先秦时期，我国就逐渐形成了以炎黄华夏为凝聚核心、“五方之民”共天下的交融格局。秦国“书同文，车同轨，量同衡，行同伦”，开启了中国统一的多民族国家发展的...
c9dd6c78854f4213a9ab0b6a5217a49f,..\data\中央机关及其直属机构2026年度考试录用公务员专题.pdf,exam_outline,other_policy,policy_section,,,7,7,1449,例题7：根据所给材料，回答（1）～（5）题。 海洋石刻遗产是我国海洋遗产中具有独特意义的一类物质文化遗产类别。所谓海洋石刻遗产，通常指的是分布在我国海岸带地区、以石为载体、表述海洋社会文化主题的各类石刻，也包括一部分位于内陆地区的涉海石刻。海洋石刻遗产是中国海洋文明的历史见证，是历代涉海人群的重要历史记忆，蕴含着丰富的海洋文化信息。 中国很早就有利用海洋及刻画海洋的传统。早在新石器时期，滨海地带生活的早期人类就已经开始利用石头作为表述工具，如东南沿海一带的贝丘遗址中，发...
20f46a2f96f848bcb25946e62d2aa4ce,..\data\中央机关及其直属机构2026年度考试录用公务员专题.pdf,exam_outline,other_policy,policy_section,,,8,8,905,（1）下面这段文字，最适合填入文中的哪个位置？ 如我们在福建诏安地区调查时，发现了一通乾隆年间反映地方官府对于船户“烙号刊名”的示禁碑。在这块碑文中，清楚地载明严禁当地澳甲等海洋管理人员利用印烙船号的机会苛索船户费用的内容，展现了清代前期地方官员对于海洋的治理。 A．①                                                B．②C．③                                                ...
9d8c225e9f3f441e9c2bfefa9ccd3933,..\data\中央机关及其直属机构2026年度考试录用公务员专题.pdf,exam_outline,other_policy,policy_section,,,9,9,1137,而暴露在自然界中，容易遭受台风、海啸、海水酸化侵蚀等海洋灾害带来的严重损害”，可以推知，下文应该是讲“海洋石刻遗产的保护举措”。因此，正确答案为C。）（5）最适合做这篇文章标题的是： A．古代海洋石刻：海洋文明兴衰的见证B．海洋石刻遗产：海洋文明的记忆镌刻C．沿海地区的记忆坐标：海洋石刻文书D．复原海洋记忆的钥匙：海洋石刻发掘（答案：B。“海洋石刻遗产”是全文核心，通过海洋石刻遗产探索海洋文明，因此，最适合做这篇文章标题的是“海洋石刻遗产：海洋文明的记忆镌刻”。因此，正...
d9655509d8d14dceb8b90fd7e13a7a47,..\data\中央机关及其直属机构2026年度考试录用公务员专题.pdf,exam_outline,other_policy,policy_section,,,10,10,1013,（答案：D。假设丙得分为x，则甲+乙=2x+4，（甲+乙）/2=（丙+丁+戊）/3+3，则丁+戊=2x-3；戊-丁=10，则戊=x+3.5，丁=x-6.5。因此，正确答案为D。）例题3：高校某专业70多名毕业生中，有96%在毕业后去西部省区支援国家建设。其中去偏远中小学支教的毕业生占该专业毕业生总数的20%，比任职大学生村官的毕业生少2人，比在西部地区参军入伍的毕业生多1人，其余的毕业生选择去国有企业西部边远岗位工作。问去国有企业西部边远岗位工作的毕业生有多少人？ A．...
94fe740f6edf4cd0a9b8f92061543d92,..\data\中央机关及其直属机构2026年度考试录用公务员专题.pdf,exam_outline,other_policy,policy_section,,,11,11,815,（答案：B。所有图形均为轴对称图形，从对称轴的变化来看，有两个规律：一是对称轴位置，第一个图形对称轴是垂直状态，之后图形的对称轴依次顺时针旋转45度，按此规律，问号处图形的对称轴位置应在从左下到右上的位置；二是对称轴是否和图形内的一条线重合，第一个图形对称轴与图形内的一条线重合，第二则不重合，第三个重合，按此规律，问号处图形的对称轴应和图形内的线不重合。因此，正确答案为B。）例题3：下图是给定的空心立体图形，将其从任一面剖开，以下哪项可能是该立体图形的截面？ A    ...
1b2c0958cf684323bbe175f1871af0ff,..\data\中央机关及其直属机构2026年度考试录用公务员专题.pdf,exam_outline,other_policy,policy_section,,,12,12,1038,叙述正确；C选项体现了一定范围内的普查，属于全面调查，叙述错误；D选项是典型调查，叙述错误。因此，正确答案为B。）例题2：物候现象是生物随着气候一年四季的周期性变化而发生的相应季节性变化的现象。影响物候现象的因素主要包括海拔的差异、经度的差异、纬度的差异和时间的差异。 下列诗句反映的物候现象受到海拔差异影响的是： A．日出江花红胜火，春来江水绿如蓝B．人间四月芳菲尽，山寺桃花始盛开C．竹外桃花三两枝，春江水暖鸭先知D．羌笛何须怨杨柳，春风不度玉门关（答案：B。A选项提到...
1a542b786f044d36b8d7d33bfd1a2c89,..\data\中央机关及其直属机构2026年度考试录用公务员专题.pdf,exam_outline,other_policy,exam_item_multimodal,,前，执行在后，与题干逻辑关系一致，A、B、C选项中的词语不具备题干中的逻辑关系。 因此，正确答案为D。）例题2：自然声源 对于（    ）相当于（    ）对于 煤炭A．人工声源；植物遗骸                                  B．燕语莺声；矿石燃料C．传播介质；社区供暖                                  D．物体振动；地质危害（答案：B。A选项自然声源和人工声源是并列关系，煤炭由植物遗骸形成，逻辑关系不一致；B选项自然声源和燕语莺声是包含关系，矿石燃料和煤炭是包含关系，逻辑关系相符；C选项自然声源需要传播介质，但社区供暖不一定需要煤炭，逻辑关系不一致；D选项自然声源由物体振动引起，与煤炭和地质危害的逻辑关系不一致。因此，正确答案为B。）例题3：一望无垠∶辽阔A．人云亦云∶重复                                   B．耳提面命∶教导C．方兴未艾∶失败                                   D．厉兵秣马∶战斗（答案：B。题干两词为同义关系，一望无垠是指辽阔，看不到边际。A选项人云亦云是指没主见。B选项耳提面命形容教诲恳切、要求严格，与教导同义。C选项方兴未艾是正在发展的意思，与失败是反义。D选项厉兵秣马是指准备战斗，并不是战斗。因此，正确答案为B。）逻辑判断：每道题给出一段陈述，这段陈述被假设是正确的，不容置疑的。要求报考者根据这段陈述，运用一定的逻辑推论，选择一个最恰当的答案。 例题1：一切生命有机体都需要新陈代谢，否则生命就会停止。文明也是一样，如果长期自我封闭，必将走向衰落。交流互鉴是文明发展的本质要求。只有同其他文明交流互鉴、取长补短，才能保持旺盛生命活力。 由此可以推出： A．一种文明如果没有长期自我封闭，就不会走向衰落B．一种文明如果同其他文明交流互鉴、取长补短，就能保持旺盛生命活力C．一种文明如果没有同其他文明交流互鉴，就不能保持旺盛生命活力D．一种文明如果没有保持旺盛生命活力，它就没有同其他文明取长补短（答案：C。A选项将题干中的条件前后件均加否定，不能推出；B选项将题干中的“只有……才……”转换为“如果……就……”，不能推出；C选项是对题干最后一句话的同义表述，可以推出；D选项将题干最后一句话的前后件对调，不能推出。因此，正确答案为C。）例题2：一项研究中，研究者观察了近300名2～4年级儿童在一个学年中的课堂参与度。参与度是根据上课过程中的专心行为和分心行为衡量的，前者指的是回答问题、举手发言或参与讨论等，后者指闲聊等行为。实验中，一半学生站立在高课桌前听课，另一半则坐着听课。结果发现：站立听课的学生比坐着的学生更加专注。 返回顶部咨询电话<<,13,13,1161,前，执行在后，与题干逻辑关系一致，A、B、C选项中的词语不具备题干中的逻辑关系。 因此，正确答案为D。）例题2：自然声源 对于（    ）相当于（    ）对于 煤炭A．人工声源；植物遗骸                                  B．燕语莺声；矿石燃料C．传播介质；社区供暖                                  D．物体振动；地质危害（答案：B。A选项自然声源和人工声源是并列关系，煤炭由植物遗骸形成，逻辑关系不一致；...
6e0714633f5741088aa2105e18266ec5,..\data\中央机关及其直属机构2026年度考试录用公务员专题.pdf,exam_outline,other_policy,policy_section,,,14,14,918,以下哪项如果为真，最能支持上述结论？ A．长时间坐着听课会增加身体对脊柱的压力，不利于学生的身体健康B．即使是站立听课，也有个别学生会来回走动，影响课堂秩序，让他人分心C．许多性格活泼的学生更喜欢站立听课，专注力更好，而内向的学生则愿意坐着听课，觉得更利于提高注意力D．站立需要大脑平衡身体、控制轻微肌肉收缩，这些适度的压力会使人的注意力更加集中（答案：D。结论是站立听课的学生比坐着的学生更加专注。A选项说明坐着听讲不利于健康，没有提到专注力，与结论无关；B选项说站立听课...
9bc0dc6ab39a45b9961c2361f998b089,..\data\中央机关及其直属机构2026年度考试录用公务员专题.pdf,exam_outline,other_policy,policy_section,,,15,15,687,（4）如果零食类排在第1排，那么下列哪项中的两类商品不可能是相邻的两排？ A．文具类和粮油类                                  B．零食类和文具类C．日用品类和酒类                                  D．零食类和日用品类（答案：C。）（5）如果饮料类排在第1排，则以下哪项是可能的？ A．零食类排在文具类前一排B．粮油类排在调料类前一排C．日用品类排在文具类前一排D．酒类排在文具类前一排（答案：A。） （六）...
1940f58a01ad488c91674fb48e593832,..\data\中央机关及其直属机构2026年度考试录用公务员专题.pdf,exam_outline,other_policy,policy_section,,,16,16,923,人工成本 106.5-3.5 104.4-0.4 120.7-20.32020年，H省秋粮玉米和稻谷的市场平均交易价格分别为2.34元/公斤和2.74元/公斤，分别比上年上涨28.6%和8.7%。按此价格测算，2020年全省农户种植玉米、稻谷扣除成本前的产值分别为957.1元/亩、1520.7元/亩，分别比上年增长33.4%、8.9%。 （1）2019年，H省秋粮稻谷的平均生产成本约为多少元/亩？ A．548                               ...
ce1c7e4b2ba0419e9e741f78ada11d31,..\data\中央机关及其直属机构2026年度考试录用公务员专题.pdf,exam_outline,other_policy,policy_section,,,17,17,1001,（答案：C。） 二、申论申论试卷由“注意事项”“给定资料”“作答要求”三部分组成。“注意事项”是对申论试卷作答提出的重要指导性建议，包括试卷构成、作答时间、作答时需要特别注意的事项等。 考试时，报考者应仔细阅读“注意事项”，遵守相关要求，合理把握作答时间，正确填写填涂姓名、准考证号等信息，使用现代汉语在答题卡上正确的位置作答。“给定资料”是需要报考者阅读的有关材料，是完成“作答要求”的基础。“给定资料”所反映的是经济社会发展中的某些事例，对经济、政治、文化、社会、生态等...
af94f5852ff545178a864c5c205a4e30,..\data\中央机关及其直属机构2026年度考试录用公务员专题.pdf,exam_outline,other_policy,policy_section,,,18,18,193,依法办事能力——遵循依法行政的原则，综合运用恰当有效的方法完成任务、解决问题、实现目标。 公共服务能力——能够全面准确了解公众需求和愿望，灵活运用各种措施和办法为公众提供优质、高效、便捷的服务。 文字表达能力——熟练使用指定的语种，对事件、观点进行准确合理的说明、陈述或阐释。 [关闭本页]版权所有：国家公务员局网站所有：国家公务员局京ICP备09079694号-6返回顶部咨询电话<<
e1668425e5f34298802c4cba0f268866,..\data\中央机关及其直属机构2026年度考试录用公务员专题.pdf,exam_outline,other_policy,image_summary,,,10,10,98,图片来源：中央机关及其直属机构2026年度考试录用公务员专题.pdf 第 10 页 图片内容摘要：图片来源：中央机关及其直属机构2026年度考试录用公务员专题.pdf 第 10 页。图片附近文本：
0a7c4bf813a841eca216f725b62156f9,..\data\中央机关及其直属机构2026年度考试录用公务员专题.pdf,exam_outline,other_policy,image_summary,,,10,10,1007,图片来源：中央机关及其直属机构2026年度考试录用公务员专题.pdf 第 10 页 图片内容摘要：**OCR与内容理解摘要：**  图片展示了一个图形推理题，上排为5个连续的几何图形，下排为4个备选图形，需选择一个填入问号处，使序列规律完整。  **上排图形特征：** 1. 第一个图形：由一个矩形被十字线分割成四个小矩形，上方叠加一个“M”形折线（由两个三角形组成）。 2. 第二个图形：由两个直角三角形和一个四边形组成，整体呈“Z”形或“箭头”形。 3. 第三个图形：左...
8989b069532d411196bacdb0667a59b2,..\data\中央机关及其直属机构2026年度考试录用公务员专题.pdf,exam_outline,other_policy,image_summary,,,11,11,98,图片来源：中央机关及其直属机构2026年度考试录用公务员专题.pdf 第 11 页 图片内容摘要：图片来源：中央机关及其直属机构2026年度考试录用公务员专题.pdf 第 11 页。图片附近文本：
b9b5bcc3023642e580a0337b35a0a61a,..\data\中央机关及其直属机构2026年度考试录用公务员专题.pdf,exam_outline,other_policy,table_summary,,,1,1,123,表头列：首页、招考公告、政策法规 常见问题 相关下载 公告公示 个人中心  表格结构： | 首页 | 招考公告 | 政策法规 常见问题 相关下载 公告公示 个人中心 | | --- | --- | --- | |  | None | None |
74912571142d4fe79938434d6f97a185,..\data\中央机关及其直属机构2026年度考试录用公务员专题.pdf,exam_outline,other_policy,table_row,,,1,1,43,首页：；招考公告：None；政策法规 常见问题 相关下载 公告公示 个人中心：None
26d7cc88b76d414dba2eb1ea88cf6a79,..\data\中央机关及其直属机构2026年度考试录用公务员专题.pdf,exam_outline,other_policy,table_summary,<<,,15,15,422,表格上下文：<<  表头列：None、None、玉米、None、None  表格结构： | None | None | 玉米 | None | None | | --- | --- | --- | --- | --- | | 成本 | 增速 | 成本 | 增速 | 成本 | | 440.6 | -2.1 | 430.5 | -1.9 | 525.7 | | 203.9 51.3 125.3 26.9 130.3 22.1 21.7 62.3 24.3 | -0.3 0....
2858a2f372ea482db41968a7bee08ef1,..\data\中央机关及其直属机构2026年度考试录用公务员专题.pdf,exam_outline,other_policy,table_row,<<,,15,15,37,None：成本；None：增速；玉米：成本；None：增速；None：成本
00f2936de95e4dc4a5b785623cb3db00,..\data\中央机关及其直属机构2026年度考试录用公务员专题.pdf,exam_outline,other_policy,table_row,<<,,15,15,50,None：440.6；None：-2.1；玉米：430.5；None：-1.9；None：525.7
4e62ea6f17f146a7818378f862b53ff9,..\data\中央机关及其直属机构2026年度考试录用公务员专题.pdf,exam_outline,other_policy,table_row,<<,,15,15,255,None：203.9 51.3 125.3 26.9 130.3 22.1 21.7 62.3 24.3；None：-0.3 0.4 -2.2 8.6 -3.5 0.3 -1.1 -2.0 -12.0；玉米：205.4 48.5 131.0 25.6 120.7 15.4 21.2 61.0 23.1；None：-0.3 -0.1 -2.6 14.0 -5.8 -3.1 -6.4 -1.2 -17.2；None：210.6 68.4 107.7 34.3 194.4 6...
d339ba50f5ad45f8b41b2959cf861e68,..\data\中央机关及其直属机构2026年度考试录用公务员专题.pdf,exam_outline,other_policy,table_summary,,,16,16,110,表头列：106.5、-3.5、104.4、-0.4、120.7  表格结构： | 106.5 | -3.5 | 104.4 | -0.4 | 120.7 | | --- | --- | --- | --- | --- |
